<?xml version="1.0" encoding="utf-8" ?>
<Defs>

  <!-- Example sound: saw launcher firing -->
  <SoundDef>
    <defName>SawGun_SawLauncher</defName>
    <context>MapOnly</context>

    <subSounds>
  <li>
    <grains>
      <li Class="AudioGrain_Clip">
        <clipPath>SawGun/Example_SawLaunch</clipPath>
      </li>
    </grains>
    <volumeRange>40~45</volumeRange>
    <pitchRange>0.8940217~1.084783</pitchRange>
  </li>
</subSounds>

    <!-- configuration tags go here -->

  </SoundDef>

  <!-- Example sound: saw launcher melee -->
  <SoundDef>
    <defName>SawGun_SawLauncherMelee</defName>
    <context>MapOnly</context>

    <subSounds>
  <li>
    <grains>
      <li Class="AudioGrain_Clip">
        <clipPath>SawGun/Example_SawMelee</clipPath>
      </li>
    </grains>
    <volumeRange>45~50</volumeRange>
    <pitchRange>0.8940217~1.084783</pitchRange>
  </li>
</subSounds>

    <!-- configuration tags go here -->

  </SoundDef>

</Defs>